,id_x,location,lat_x,long_x,description,category,created_at,image_filename,user,data_id,id_y,device_name,lat_y,long_y,pm_25,pm_10,no2,co,co2,ch4,temp,rh,data_created_time,date,month,AQI
0,669,Sector 12,28.4624872,77.0315751,Gururam bus stand,Waste Burning,2024-09-18 10:21:51.885200,1000015749.jpg,person 29,4440056,4440056,TARA076,28.448189,77.078545,6.9,6.9,15.0,,623.0,,33.9,49.0,2024-09-18 15:17:00,2024-09-18,2024-09,Good
1,679,Sector 5,28.4754994,77.0182684,It's very very harmful.. Political.. For humanity,Construction & Demolition Waste,2024-09-19 11:46:49.530159,1000015980.jpg,person 29,4440056,4440056,TARA076,28.448189,77.078545,6.9,6.9,15.0,,623.0,,33.9,49.0,2024-09-18 15:17:00,2024-09-18,2024-09,Good
2,670,Sector 7,28.4706144,77.0182238,Mostly there was a vehicle pollution because of the traffic ,Vehicle Pollution,2024-09-18 18:52:12.302061,,person 11,4431045,4431045,TARA009,28.444851,77.076416,28.5,59.8,17.07,0.84,,,35.6,50.0,2024-09-18 12:00:00,2024-09-18,2024-09,Good
3,671,Sector 5,28.4810056,77.0160124,Too many vehicles ,Vehicle Pollution,2024-09-19 03:57:17.226177,1000007501.jpg,person 14,4487808,4487808,TARA080,28.486397,77.012093,81.5,185.7,33.0,,819.0,,32.4,58.0,2024-09-19 09:17:00,2024-09-19,2024-09,Moderate
4,672,Sector 44,28.4508333,77.0728805,Sector 44,Vehicle Pollution,2024-09-19 04:18:44.228382,IMG20240919093413.jpg,person 25,4389188,4389188,TARA097,,,83.6,113.0,35.9,2.47,,,29.6,70.0,2024-09-17 19:38:00,2024-09-17,2024-09,Moderate
5,673,Sector 52,28.444363,77.0764285,Vehicle pollution ,Vehicle Pollution,2024-09-19 04:33:07.748851,1000075155.jpg,person 12,4489927,4489927,TARA010,28.444715,77.076508,61.9,80.0,14.0,0.97,,,34.7,48.0,2024-09-19 10:02:00,2024-09-19,2024-09,Moderate
6,680,Sector 7,28.470638,77.0182427,"Was at home and seen the vehicle which was doing a lot pollution , was not able to take a picture.",Vehicle Pollution,2024-09-19 18:02:03.434191,,person 11,4528022,4528022,TARA009,28.470512,77.01825,20.8,54.6,32.07,0.87,,,33.2,59.0,2024-09-19 23:30:00,2024-09-19,2024-09,Good
7,681,Ashok Vihar Phase III Extension,28.4990044,77.0298932,Ashok vihar phase III ,Vehicle Pollution,2024-09-20 13:23:24.057320,IMG20240920182230.jpg,person 25,4580985,4580985,TARA097,28.483442,77.014198,37.2,55.4,15.0,1.4,,,36.5,54.0,2024-09-20 18:37:00,2024-09-20,2024-09,Good
8,682,Sector 43,28.4540762,77.0752096,Too much pollution emmiting vehicle,Vehicle Pollution,2024-09-21 03:32:36.859200,1000007511.jpg,person 14,4623307,4623307,TARA080,28.458748,77.073486,92.7,150.4,17.03,,723.0,,36.0,52.0,2024-09-21 09:00:00,2024-09-21,2024-09,Moderate
9,683,Sector 45,28.4441644,77.0738947,Many vehicles,Vehicle Pollution,2024-09-21 03:47:25.471541,1000075385.jpg,person 12,4624054,4624054,TARA010,28.445587,77.076714,36.1,38.6,16.53,1.03,,,36.2,43.0,2024-09-21 09:15:00,2024-09-21,2024-09,Good
10,684,Sector 52,28.4443612,77.076436,Sector 52 main road ,Vehicle Pollution,2024-09-21 04:13:56.801234,IMG20240921091157.jpg,person 25,4625226,4625226,TARA097,28.4445,77.076233,95.0,158.6,14.0,1.5,,,35.1,55.0,2024-09-21 09:37:00,2024-09-21,2024-09,Moderate
11,685,Sector 43,28.4584445,77.0747686,Huda City centre ,Vehicle Pollution,2024-09-21 07:08:12.577998,,person 20,4634422,4634422,TARA093,28.445768,77.076591,54.5,83.3,26.43,0.73,,,39.0,49.0,2024-09-21 12:37:00,2024-09-21,2024-09,Moderate
12,696,Sector 5,28.480186,77.0203666,Sector 5,Brick Kilns,2024-09-22 12:24:54.706265,IMG20240922174811.jpg,person 25,4692727,4692727,TARA097,,,46.7,57.5,14.0,1.44,,,34.3,55.0,2024-09-22 09:57:00,2024-09-22,2024-09,Good
13,709,Block C-1 & C-2,28.4833888,77.0142607,"Block C-1,C-2",Vehicle Pollution,2024-09-23 11:27:39.145776,IMG20240923163057.jpg,person 25,4692727,4692727,TARA097,,,46.7,57.5,14.0,1.44,,,34.3,55.0,2024-09-22 09:57:00,2024-09-22,2024-09,Good
14,725,Sector 5,28.4786675,77.0358569,Sector 5,Vehicle Pollution,2024-09-24 11:38:58.034101,IMG20240924170758.jpg,person 25,4692727,4692727,TARA097,,,46.7,57.5,14.0,1.44,,,34.3,55.0,2024-09-22 09:57:00,2024-09-22,2024-09,Good
15,726,Sector 5,28.4814399,77.0242083,Sector 5,Vehicle Pollution,2024-09-25 03:42:35.111041,IMG20240925091110.jpg,person 25,4692727,4692727,TARA097,,,46.7,57.5,14.0,1.44,,,34.3,55.0,2024-09-22 09:57:00,2024-09-22,2024-09,Good
16,698,Sector 7,28.470607,77.0182058,Was near patuadi chowk and pm 10 and 2.5 went up on red light because of vehicular pollution and I am trying to submit data with the pic but it's not submitting the data with the photo,Vehicle Pollution,2024-09-22 14:10:44.621657,,person 11,4635419,4635419,TARA009,28.519451,77.00544,39.6,52.8,21.13,1.17,,,41.0,36.0,2024-09-21 12:57:00,2024-09-21,2024-09,Good
17,699,Sector 8,28.4506962,77.0164054,Waste burning ,Waste Burning,2024-09-22 14:36:33.292414,IMG_20240922_192203_569.jpg,person 23,4719881,4719881,TARA120,28.450676,77.016388,153.7,309.7,19.0,,587.0,,36.2,57.0,2024-09-22 19:57:00,2024-09-22,2024-09,Unhealthy
18,701,Sector 8,28.4506754,77.0164195,Waste burning,Waste Burning,2024-09-22 18:01:24.208117,IMG_20240922_204936_309.jpg,person 23,4719881,4719881,TARA120,28.450676,77.016388,153.7,309.7,19.0,,587.0,,36.2,57.0,2024-09-22 19:57:00,2024-09-22,2024-09,Unhealthy
19,700,Sector 7,28.4664371,77.0184829,Vehicle pollution,Vehicle Pollution,2024-09-22 16:30:59.241451,1000075550.jpg,person 12,4725637,4725637,TARA010,,,133.8,232.1,14.0,2.02,,,35.4,51.0,2024-09-22 22:00:00,2024-09-22,2024-09,Unhealthy for Sensitive Groups
20,702,Sector 7,28.4626141,77.0105485,Too many vehicles ,Vehicle Pollution,2024-09-23 02:49:00.093731,1000075558.jpg,person 12,4752270,4752270,TARA010,,,188.1,254.2,14.0,2.02,,,33.9,58.0,2024-09-23 08:17:00,2024-09-23,2024-09,Unhealthy
21,703,Sector 7,28.4626464,77.0105809,"Construction sites can cause poor air quality, which can lead to health problems like coughs, wheezing, and cardiovascular disease",Construction & Demolition Waste,2024-09-23 02:53:10.430655,1000075563.jpg,person 12,4752270,4752270,TARA010,,,188.1,254.2,14.0,2.02,,,33.9,58.0,2024-09-23 08:17:00,2024-09-23,2024-09,Unhealthy
22,715,Sector 44,28.4522274,77.0756933,Vehicle pollution,Vehicle Pollution,2024-09-24 03:53:30.910283,1000075645.jpg,person 12,4813048,4813048,TARA010,,,240.1,406.9,18.0,1.41,,,38.0,52.0,2024-09-24 09:22:00,2024-09-24,2024-09,Very Unhealthy
23,716,IFFCO Chowk,28.4486491,77.078466,Vehicle pollution ,Vehicle Pollution,2024-09-24 03:58:12.914862,1000008451.jpg,person 14,4813326,4813326,TARA080,28.448614,77.078484,186.2,251.3,19.73,,749.0,,36.6,60.0,2024-09-24 09:27:00,2024-09-24,2024-09,Unhealthy
24,723,Sector 26,28.4823643,77.0951126,Waste burning ,Waste Burning,2024-09-24 08:34:37.637316,1000104213.jpg,person 22,4826856,4826856,TARA065,28.481836,77.093941,143.1,214.1,67.0,1.27,,,40.4,49.0,2024-09-24 14:02:00,2024-09-24,2024-09,Unhealthy for Sensitive Groups
25,727,Sector 52,28.4456214,77.0782639,Vehicle pollution ,Vehicle Pollution,2024-09-25 03:47:44.851758,1000075715.jpg,person 12,4877884,4877884,TARA010,,,222.0,331.6,17.03,1.14,,,36.6,52.0,2024-09-25 09:17:00,2024-09-25,2024-09,Very Unhealthy
26,734,Sector 7,28.4705903,77.0182419,The censor was at the roof and pm 2.5 and pm 10 was more .,Brick Kilns,2024-09-25 16:28:16.008964,1000171497.jpg,person 11,4904394,4904394,TARA009,28.470497,77.018219,63.5,113.9,101.0,1.04,,,36.2,50.0,2024-09-25 19:05:00,2024-09-25,2024-09,Moderate
27,735,Sector 43,28.4520738,77.0765426,Vehicle pollution ,Vehicle Pollution,2024-09-26 03:26:44.366432,1000075778.jpg,person 12,4937551,4937551,TARA010,,,89.4,120.9,14.57,1.33,,,34.6,57.0,2024-09-26 08:35:00,2024-09-26,2024-09,Moderate
28,736,Sector 45,28.4445576,77.0742544,Vehicle emmiting pollution,Vehicle Pollution,2024-09-26 03:40:36.915859,1000007504.jpg,person 14,4938911,4938911,TARA080,28.445078,77.075867,71.1,123.9,15.77,,636.0,,34.6,59.0,2024-09-26 09:07:00,2024-09-26,2024-09,Moderate
29,737,Sector 49,28.402337,77.0453949,fire in the trees,Waste Burning,2024-09-26 11:22:51.315898,1000209975.jpg,person 7,4888825,4888825,TARA006,28.444689,77.076202,148.8,195.8,29.1,,740.0,,38.0,53.0,2024-09-25 13:06:00,2024-09-25,2024-09,Unhealthy for Sensitive Groups
30,739,Sector 26A,28.4294813,77.1415056,Ansal plaza GURUGRAM ,Vehicle Pollution,2024-09-27 03:09:16.479542,IMG_20240927_083649.jpg,person 20,5000648,5000648,TARA093,,,62.2,224.1,32.5,0.97,,,32.3,63.0,2024-09-27 08:36:00,2024-09-27,2024-09,Moderate
31,740,Sector 26,28.4680256,77.1095031,Too much waste garbage,Construction & Demolition Waste,2024-09-27 03:21:09.635784,IMG_20240927_084924.jpg,person 20,5000938,5000938,TARA093,,,38.0,133.8,14.0,0.86,,,33.6,61.0,2024-09-27 08:42:00,2024-09-27,2024-09,Good
32,744,Sector 5,28.4852246,77.0201455,Sector 5,Vehicle Pollution,2024-09-27 06:10:45.970242,IMG20240927113926.jpg,person 25,5009461,5009461,TARA097,,,50.9,68.8,38.0,2.5,,,31.5,62.0,2024-09-27 11:38:00,2024-09-27,2024-09,Moderate
33,745,Sector 7,28.4627323,77.0107699,Vehicle pollution,Vehicle Pollution,2024-09-27 09:41:56.860730,1000007769.jpg,person 14,5019636,5019636,TARA080,28.46282,77.010796,26.8,58.1,21.0,,532.0,,36.8,43.0,2024-09-27 15:10:00,2024-09-27,2024-09,Good
34,747,Sector 5,28.4791154,77.0346773,Sector 5,Vehicle Pollution,2024-09-28 03:57:59.971082,IMG20240928092457.jpg,person 25,5068152,5068152,TARA097,28.478687,77.033226,203.3,412.2,41.0,2.5,,,30.8,59.0,2024-09-28 09:24:00,2024-09-28,2024-09,Very Unhealthy
35,748,IFFCO Chowk,28.4701707,77.072096,Vehicle and roadside waste pollution ,Vehicle Pollution,2024-09-28 07:44:08.932480,1000009096.jpg,person 14,5078976,5078976,TARA080,,,45.3,61.2,30.0,,643.0,,32.2,59.0,2024-09-28 13:12:00,2024-09-28,2024-09,Good
36,749,IFFCO Chowk,28.4770309,77.0688583,"the emission of harmful substances such as carbon monoxide, hydrocarbons, and particulate matter from motor vehicles, leading to air pollution and adverse health effects on humans",Vehicle Pollution,2024-09-28 07:48:53.421457,1000075996.jpg,person 12,5079149,5079149,TARA010,,,63.6,85.9,32.13,2.01,,,32.7,54.0,2024-09-28 13:16:00,2024-09-28,2024-09,Moderate
37,750,Gurugram,28.3512017,77.0602378,Air pollution ,Waste Burning,2024-09-28 08:46:28.349615,IMG_20240928_141103.jpg,person 1,5081862,5081862,TARA085,28.35116,77.060539,17.5,28.3,19.0,0.84,,,37.5,46.0,2024-09-28 14:13:00,2024-09-28,2024-09,Good
38,752,Block C-1 & C-2,28.48507722,77.01578021,Block C-1 C-2 ,Vehicle Pollution,2024-09-29 12:18:49.648933,IMG20240929174540.jpg,person 25,5078775,5078775,TARA097,28.458204,77.074226,59.5,147.0,16.0,1.2,,,36.1,50.0,2024-09-28 13:08:00,2024-09-28,2024-09,Moderate
39,755,Sector 16,28.4682174,77.0434581,Muddy road,Construction & Demolition Waste,2024-09-30 03:23:23.765492,1000009337.jpg,person 14,5196443,5196443,TARA080,28.466669,77.041283,242.9,411.2,16.0,,1049.0,,34.3,59.0,2024-09-30 08:51:00,2024-09-30,2024-09,Very Unhealthy
40,756,Sector 13,28.4769927,77.031521,Sector 13,Vehicle Pollution,2024-09-30 03:42:01.944710,IMG20240930091037.jpg,person 25,5197290,5197290,TARA097,28.477228,77.02494,192.1,332.5,14.81,1.53,,,36.3,50.0,2024-09-30 09:09:00,2024-09-30,2024-09,Unhealthy
41,763,Gurugram,28.3510482,77.0605838,Firecracker  air pollution and noice pollution ,Waste Burning,2024-09-30 12:06:28.696131,IMG_20240930_172942.jpg,person 1,5160939,5160939,TARA085,28.351023,77.060341,78.6,118.2,15.2,1.79,,,33.8,60.0,2024-09-29 19:39:00,2024-09-29,2024-09,Moderate
42,764,Sector 8,28.4505315,77.0165392,Waste burning,Waste Burning,2024-09-30 12:24:06.024271,IMG_20240930_175228_386.jpg,person 15,5211966,5211966,TARA056,28.453066,77.01667,79.8,153.3,17.77,,518.0,,37.6,44.0,2024-09-30 16:03:00,2024-09-30,2024-09,Moderate
43,765,Sector 7,28.4705672,77.0183311,The censor was at the shop and there was a lot of dust around the shop,Construction & Demolition Waste,2024-09-30 14:20:07.666900,1000173645.jpg,person 11,5219443,5219443,TARA009,28.470881,77.018394,94.6,168.0,132.37,1.2,,,38.3,47.0,2024-09-30 19:21:00,2024-09-30,2024-09,Moderate
44,767,Block C-1 & C-2,28.4840156,77.0148839,Block C-1 C-2 ,Vehicle Pollution,2024-10-01 10:32:53.556287,IMG20241001160215.jpg,person 25,5200268,5200268,TARA097,28.444107,77.076088,96.8,130.6,4.03,1.24,,,36.2,50.0,2024-09-30 10:14:00,2024-09-30,2024-09,Moderate
45,768,Sector 6,28.475185,77.01968,Pollution.. Very harmful sec 5 ... Dayanad colony,Waste Burning,2024-10-01 12:53:40.457905,,person 29,4554428,4554428,TARA076,28.446032,77.07653,71.2,179.3,17.53,,672.0,,35.7,53.0,2024-09-20 09:14:00,2024-09-20,2024-09,Moderate
46,769,Sector 6,28.475185,77.01968,Pollution.. Very harmful sec 5 ... Dayanad colony,Waste Burning,2024-10-01 12:55:59.988867,1000018500.jpg,person 29,4554428,4554428,TARA076,28.446032,77.07653,71.2,179.3,17.53,,672.0,,35.7,53.0,2024-09-20 09:14:00,2024-09-20,2024-09,Moderate
47,770,Sector 7,28.4705616,77.0182686,I was at home today so didn't capture much . But even near the plants pm 2.5 and 10 is increased.,Construction & Demolition Waste,2024-10-01 13:27:04.123971,1000174271.jpg,person 11,5275827,5275827,TARA009,28.470545,77.018257,131.2,373.9,4.19,1.12,,,40.4,40.0,2024-10-01 18:54:00,2024-10-01,2024-10,Unhealthy for Sensitive Groups
48,771,Sector 3A,28.4831594,77.0134442,Sector 3A,Vehicle Pollution,2024-10-02 11:30:16.058893,IMG20241002165007.jpg,person 25,5330711,5330711,TARA097,28.482828,77.013565,73.4,174.2,8.43,1.36,,,39.9,39.0,2024-10-02 16:59:00,2024-10-02,2024-10,Moderate
49,772,Sector 3A,28.4831594,77.0134442,Sector 3A ,Vehicle Pollution,2024-10-02 11:31:57.106988,IMG20241002165007_nFSwYnW.jpg,person 25,5330805,5330805,TARA097,28.482765,77.013588,80.8,160.0,12.07,1.39,,,40.0,37.0,2024-10-02 17:01:00,2024-10-02,2024-10,Moderate
50,775,Sector 7,28.47069607,77.0181497,Sorry to submit the data of 2nd October very late the censor captures alot of dust today .,Construction & Demolition Waste,2024-10-02 18:49:34.399799,1000174673.jpg,person 11,5310624,5310624,TARA009,28.450771,77.007843,56.1,109.9,14.9,0.96,,,35.2,50.0,2024-10-02 09:18:00,2024-10-02,2024-10,Moderate
51,776,Sector 7,28.4705348,77.0183164,Mostly all the varients went up during the traffic . ,Vehicle Pollution,2024-10-03 13:02:01.161227,1000175298.jpg,person 11,5391823,5391823,TARA009,28.470592,77.018326,87.9,248.8,42.4,1.1,,,39.3,33.0,2024-10-03 18:30:00,2024-10-03,2024-10,Moderate
52,786,Sector 3A,28.4831594,77.0134442,Sector 3A ,Vehicle Pollution,2024-10-04 12:04:24.759826,IMG20241004173149.jpg,person 25,5331315,5331315,TARA097,28.484089,77.014824,43.1,106.7,5.5,1.26,,,39.6,38.0,2024-10-02 17:12:00,2024-10-02,2024-10,Good
53,796,Block C-1 & C-2,28.4824772,77.0138041,Block C-1 C-2 ,Vehicle Pollution,2024-10-08 13:27:14.740315,IMG20241008185640.jpg,person 25,5331315,5331315,TARA097,28.484089,77.014824,43.1,106.7,5.5,1.26,,,39.6,38.0,2024-10-02 17:12:00,2024-10-02,2024-10,Good
54,801,Block C-1 & C-2,28.4841463,77.014912,Block C-1 C-2 ,Vehicle Pollution,2024-10-09 16:22:36.051810,IMG20241009150851.jpg,person 25,5331315,5331315,TARA097,28.484089,77.014824,43.1,106.7,5.5,1.26,,,39.6,38.0,2024-10-02 17:12:00,2024-10-02,2024-10,Good
55,810,Block C-1 & C-2,28.4836571,77.0148839,Block C-1 C-2 ,Vehicle Pollution,2024-10-11 08:59:46.258448,IMG20241011095152.jpg,person 25,5331315,5331315,TARA097,28.484089,77.014824,43.1,106.7,5.5,1.26,,,39.6,38.0,2024-10-02 17:12:00,2024-10-02,2024-10,Good
56,818,Block C-1 & C-2,28.4840809,77.0148885,Block C-1 C-2 ,Waste Burning,2024-10-13 10:11:29.702943,IMG20241013151243.jpg,person 25,5331315,5331315,TARA097,28.484089,77.014824,43.1,106.7,5.5,1.26,,,39.6,38.0,2024-10-02 17:12:00,2024-10-02,2024-10,Good
57,822,Block C-1 & C-2,28.4836223,77.0145239,Block C-1 C-2 ,Brick Kilns,2024-10-14 08:40:24.257472,IMG20241014140841.jpg,person 25,5331315,5331315,TARA097,28.484089,77.014824,43.1,106.7,5.5,1.26,,,39.6,38.0,2024-10-02 17:12:00,2024-10-02,2024-10,Good
58,863,Block C-1 & C-2,28.4835704,77.0144229,Block C-1 C-2 ,Vehicle Pollution,2024-10-17 13:32:19.641753,IMG20241017185506.jpg,person 25,5331315,5331315,TARA097,28.484089,77.014824,43.1,106.7,5.5,1.26,,,39.6,38.0,2024-10-02 17:12:00,2024-10-02,2024-10,Good
59,788,Sector 7,28.4706276,77.0182032,When I was passing through this area I noticed that pm10 went up ,Brick Kilns,2024-10-04 16:39:59.524056,1000175911.jpg,person 11,5448040,5448040,TARA009,28.470615,77.018257,50.8,116.9,43.2,1.13,,,38.6,40.0,2024-10-04 18:18:00,2024-10-04,2024-10,Moderate
60,792,Gurugram,28.3510137,77.060224,Waste burn ,Waste Burning,2024-10-06 13:43:25.054797,,person 1,5566842,5566842,TARA085,28.351196,77.060425,86.6,143.4,18.5,0.96,,,35.7,45.0,2024-10-06 19:10:00,2024-10-06,2024-10,Moderate
61,793,Gurugram,28.3512069,77.0602053,Waste burn ,Waste Burning,2024-10-06 13:48:30.086208,IMG_20241005_195808.jpg,person 1,5566842,5566842,TARA085,28.351196,77.060425,86.6,143.4,18.5,0.96,,,35.7,45.0,2024-10-06 19:10:00,2024-10-06,2024-10,Moderate
62,797,Sector 7,28.4658505,77.0136183,Vehicle.polltuion,Vehicle Pollution,2024-10-09 03:38:32.846858,1000010711.jpg,person 14,5708031,5708031,TARA080,28.470356,77.015038,132.8,197.9,16.0,,1085.0,,34.4,50.0,2024-10-09 09:05:00,2024-10-09,2024-10,Unhealthy for Sensitive Groups
63,798,Gurugram,28.3635377,77.0598642,Construction incomplete near maruti kunj mode.   It's increase dust,Construction & Demolition Waste,2024-10-09 03:39:15.596782,IMG_20241009_090624.jpg,person 1,5708053,5708053,TARA085,28.361225,77.060448,294.6,552.1,41.0,1.43,,,31.0,55.0,2024-10-09 09:06:00,2024-10-09,2024-10,Very Unhealthy
64,799,Sector 45,28.4438057,77.0738947,Motorbike smoke,Vehicle Pollution,2024-10-09 05:12:35.706675,IMG_20241009_100636.jpg,person 28,5670705,5670705,TARA084,,,29.0,109.2,17.13,,596.0,,35.0,47.0,2024-10-08 15:54:00,2024-10-08,2024-10,Good
65,800,Sector 52,28.4455536,77.0776613,Waste burning ,Waste Burning,2024-10-09 06:49:57.980268,1000109461.jpg,person 22,5716000,5716000,TARA065,28.446312,77.077591,95.2,186.1,16.0,1.23,,,36.6,40.0,2024-10-09 12:18:00,2024-10-09,2024-10,Moderate
66,802,Gurugram,28.3563124,77.0701917,Burning of waste ,Waste Burning,2024-10-09 17:10:32.278940,1000063950.jpg,person 9,5688746,5688746,TARA067,28.356312,77.070015,94.3,133.0,15.0,1.18,,,33.9,47.0,2024-10-08 23:30:00,2024-10-08,2024-10,Moderate
67,803,Gurugram,28.3562732,77.0697763,Burning of waste ,Waste Burning,2024-10-09 17:12:22.870789,1000063952.jpg,person 9,5740844,5740844,TARA067,28.356113,77.070007,82.3,162.4,15.0,1.17,,,33.6,46.0,2024-10-09 22:37:00,2024-10-09,2024-10,Moderate
68,804,Gurugram,28.3562747,77.0697752,Burning of waste ,Waste Burning,2024-10-09 17:14:41.143871,20241006_200706.jpg,person 9,5740844,5740844,TARA067,28.356113,77.070007,82.3,162.4,15.0,1.17,,,33.6,46.0,2024-10-09 22:37:00,2024-10-09,2024-10,Moderate
69,805,Sector 45,28.4414234,77.0714079,Po,Waste Burning,2024-10-10 03:16:59.997012,1000050093.jpg,person 30,5762731,5762731,TARA095,28.437365,77.066788,494.1,36.2,43.0,1.57,,,33.0,46.0,2024-10-10 08:46:00,2024-10-10,2024-10,Hazardous
70,809,Sector 7,28.4627454,77.0107673,Too many Vehicle ,Vehicle Pollution,2024-10-11 07:07:22.127933,1000010709.jpg,person 14,5831534,5831534,TARA080,28.46278,77.010719,40.2,53.4,15.0,,597.0,,33.9,36.0,2024-10-11 12:36:00,2024-10-11,2024-10,Good
71,811,Sector 7,28.4706324,77.0183214,Was at some function today and because of lot of lightning there were lot of insects and there was a lot of public as well and pm 10 was the maximum ,Construction & Demolition Waste,2024-10-11 18:15:36.305787,1000178750.jpg,person 11,5859627,5859627,TARA009,28.470488,77.018173,68.0,196.1,32.0,1.03,,,33.0,40.0,2024-10-11 23:38:00,2024-10-11,2024-10,Moderate
72,812,Shivaji Nagar,28.4552535,77.0289195,Burning garbage ,Brick Kilns,2024-10-12 17:37:17.100573,1000077697.jpg,person 12,5918512,5918512,TARA010,,,219.5,355.6,14.0,2.02,,,33.4,31.0,2024-10-12 23:05:00,2024-10-12,2024-10,Very Unhealthy
73,813,Shivaji Nagar,28.4576246,77.0274801,Vehicles pollution ,Vehicle Pollution,2024-10-12 17:38:32.110825,1000077698.jpg,person 12,5918634,5918634,TARA010,,,219.5,355.6,14.0,2.02,,,33.4,31.0,2024-10-12 23:08:00,2024-10-12,2024-10,Very Unhealthy
74,814,Sector 7,28.4624799,77.0109248,Construction ,Construction & Demolition Waste,2024-10-12 17:49:52.091992,1000077699.jpg,person 12,5919038,5919038,TARA010,28.465681,77.021347,219.5,355.6,32.03,1.67,,,33.0,30.0,2024-10-12 23:17:00,2024-10-12,2024-10,Very Unhealthy
75,815,Sector 7,28.4705836,77.0183161,Was at ravan dehan today and come through the burning of the paper as you can see in the image . ,Waste Burning,2024-10-12 19:08:15.923872,1000179278.jpg,person 11,5911629,5911629,TARA009,28.470648,77.018311,143.0,337.7,18.07,1.31,,,35.8,32.0,2024-10-12 20:30:00,2024-10-12,2024-10,Unhealthy for Sensitive Groups
76,816,Gurugram,28.356273,77.0697685,Burning of rawan,Waste Burning,2024-10-13 03:26:28.808653,1000065486.jpg,person 9,5942383,5942383,TARA067,28.356277,77.069954,146.9,202.2,33.73,1.2,,,30.4,46.0,2024-10-13 08:53:00,2024-10-13,2024-10,Unhealthy for Sensitive Groups
77,819,Sector 12,28.4634644,77.0242479,The censor was in the Subhash nagar today for the first time and according to me all the things were normal .,Construction & Demolition Waste,2024-10-13 11:07:07.006276,1000270399.jpg,person 11,5960748,5960748,TARA009,28.463524,77.024323,27.8,67.4,38.7,0.78,,,39.4,23.0,2024-10-13 16:28:00,2024-10-13,2024-10,Good
78,823,Sector 7,28.462744,77.010767,Vehicle pollution ,Vehicle Pollution,2024-10-14 09:21:06.620663,1000010710.jpg,person 14,6018076,6018076,TARA080,28.462688,77.010773,48.9,86.1,16.0,,628.0,,33.9,28.0,2024-10-14 14:50:00,2024-10-14,2024-10,Good
79,825,Shivaji Nagar,28.4579832,77.0274801,Vehicle pollution,Vehicle Pollution,2024-10-15 03:52:37.355331,1000077822.jpg,person 12,6063997,6063997,TARA010,,,483.7,1356.8,34.63,1.89,,,31.7,30.0,2024-10-15 09:21:00,2024-10-15,2024-10,Hazardous
80,826,Sector 31,28.4474181,77.0465977,Vehicle pollution,Vehicle Pollution,2024-10-15 04:05:09.436631,1000011786.jpg,person 14,6021296,6021296,TARA080,28.462736,77.010796,83.0,287.9,16.0,,592.0,,34.1,29.0,2024-10-14 15:59:00,2024-10-14,2024-10,Moderate
81,833,Sector 7,28.4705613,77.0182246,Was not able to take photo before but pm 10 went up a bit near this area .,Vehicle Pollution,2024-10-15 18:17:05.998381,1000180200.jpg,person 11,6079072,6079072,TARA009,28.470646,77.01796,38.3,91.2,14.0,0.98,,,34.3,31.0,2024-10-15 14:46:00,2024-10-15,2024-10,Good
82,834,Sector 43,28.4482694,77.0792906,Vehicle pollution ,Vehicle Pollution,2024-10-16 03:42:21.381550,1000077947.jpg,person 12,6135336,6135336,TARA010,,,,,17.0,1.16,,,35.7,26.0,2024-10-16 09:11:00,2024-10-16,2024-10,Hazardous
83,838,Sector 29,28.4590877,77.0724835,Traffic jam,Vehicle Pollution,2024-10-16 06:29:42.027179,1000011786_qKRD6v1.jpg,person 14,6144971,6144971,TARA080,28.45854,77.074059,110.9,204.9,17.0,,694.0,,34.0,34.0,2024-10-16 11:58:00,2024-10-16,2024-10,Unhealthy for Sensitive Groups
84,855,Sector 7,28.4627499,77.0107657,Muddy waste,Construction & Demolition Waste,2024-10-17 10:11:07.214349,1000009091.jpg,person 14,6232128,6232128,TARA080,28.462709,77.010788,71.3,110.9,15.1,,640.0,,33.8,32.0,2024-10-17 15:39:00,2024-10-17,2024-10,Moderate
85,862,Sector 7,28.4705958,77.01828,The censor was kept in bhim nagar sector 6 in not a wide road and most of the roads over there are not so wide and the humidity on those areas is quite high and in front of the house where it was kept there was a house which was being constructed and because of it pm 10 was also up,Construction & Demolition Waste,2024-10-17 12:50:03.411826,1000181053.jpg,person 11,6241381,6241381,TARA009,28.469286,77.021286,61.2,161.9,15.0,0.97,,,34.4,33.0,2024-10-17 18:16:00,2024-10-17,2024-10,Moderate
86,865,Sector 7,28.4648055,77.0086023,Too many Vehicles,Vehicle Pollution,2024-10-18 02:42:43.810739,1000011933.jpg,person 14,6285586,6285586,TARA080,,,,,37.0,,1267.0,,29.7,44.0,2024-10-18 08:11:00,2024-10-18,2024-10,Hazardous
87,866,Sector 16,28.4639453,77.0376165,Construction waste,Construction & Demolition Waste,2024-10-18 03:12:50.522212,1000012057.jpg,person 14,6287280,6287280,TARA080,28.465036,77.035789,322.7,514.4,34.0,,995.0,,32.9,41.0,2024-10-18 08:41:00,2024-10-18,2024-10,Hazardous
88,867,Sector 16,28.4677229,77.0429536,Construction waste ,Construction & Demolition Waste,2024-10-18 03:15:55.370889,1000078103.jpg,person 12,6287403,6287403,TARA010,,,600.7,1338.8,15.0,1.57,,,33.9,31.0,2024-10-18 08:43:00,2024-10-18,2024-10,Hazardous
89,868,Sector 43,28.4475867,77.0796503,Too many Vehicles,Vehicle Pollution,2024-10-18 03:45:04.855840,1000078104.jpg,person 12,6289187,6289187,TARA010,,,394.9,781.3,17.0,1.35,,,35.7,29.0,2024-10-18 09:13:00,2024-10-18,2024-10,Hazardous
90,870,IFFCO Chowk,28.4770071,77.0715494,Iffco chowk ,Construction & Demolition Waste,2024-10-18 09:25:53.196499,IMG_20241018_145409.jpg,person 20,6309542,6309542,TARA093,28.478136,77.070549,65.9,89.9,21.07,0.76,,,40.3,25.0,2024-10-18 14:55:00,2024-10-18,2024-10,Moderate
91,871,Sector 7,28.4706259,77.0183041,Near the area of sector 4 there was a lot of dust in the air and also the reason of pm 10 rising and near the red light of the bus stop of kanhai pm 2.5 and humidity went up because of the bus and car heats .,Construction & Demolition Waste,2024-10-18 18:21:47.204390,1000181759.jpg,person 11,6318359,6318359,TARA009,,,98.1,238.5,15.0,2.29,,,34.4,30.0,2024-10-18 17:23:00,2024-10-18,2024-10,Moderate
92,872,Sector 8,28.4632101,77.0184829,Vehicle Pollution is the introduction of harmful materials into the environment.,Vehicle Pollution,2024-10-19 02:50:56.481998,1000078213.jpg,person 12,6358141,6358141,TARA010,,,334.7,540.2,38.27,2.01,,,31.9,31.0,2024-10-19 08:18:00,2024-10-19,2024-10,Hazardous
93,873,Sector 7,28.4650346,77.0151637,Construction waste ,Construction & Demolition Waste,2024-10-19 02:53:57.821531,1000078218.jpg,person 12,6358354,6358354,TARA010,,,357.7,746.6,37.33,2.0,,,32.1,30.0,2024-10-19 08:22:00,2024-10-19,2024-10,Hazardous
94,879,Sector 8,28.4505038,77.016441,Waste burning,Waste Burning,2024-10-19 10:44:04.894167,IMG_20241019_160758_626.jpg,person 23,6383109,6383109,TARA120,,,163.5,321.0,30.97,,592.0,,32.1,35.0,2024-10-19 16:11:00,2024-10-19,2024-10,Unhealthy
95,888,Sector 7,28.4706684,77.0182847,Near the Ram nagar there was the construction waste and than I went to the market where humidity increased because of the people.,Construction & Demolition Waste,2024-10-19 18:09:00.518932,1000182243.jpg,person 11,6400165,6400165,TARA009,28.470432,77.018265,137.3,346.1,16.63,1.29,,,35.2,35.0,2024-10-19 21:13:00,2024-10-19,2024-10,Unhealthy for Sensitive Groups
96,898,Sector 7,28.4706106,77.0181873,Om the old railway road get to see the pollution alot .,Vehicle Pollution,2024-10-21 16:07:49.477143,,person 11,6526433,6526433,TARA009,28.470694,77.018333,177.0,298.3,18.0,1.24,,,36.8,37.0,2024-10-21 18:58:00,2024-10-21,2024-10,Unhealthy
97,899,Sector 7,28.4706106,77.0181873,Sorry for submitting the data again that time app was not allowing to submit data with picture,Vehicle Pollution,2024-10-21 16:08:58.212107,1000183184.jpg,person 11,6526433,6526433,TARA009,28.470694,77.018333,177.0,298.3,18.0,1.24,,,36.8,37.0,2024-10-21 18:58:00,2024-10-21,2024-10,Unhealthy
98,900,Sector 7,28.4625494,77.0116446,Garbage burning ,Waste Burning,2024-10-21 16:19:27.560157,1000078526.jpg,person 12,6358500,6358500,TARA010,,,413.6,604.4,33.17,1.77,,,32.3,30.0,2024-10-19 08:25:00,2024-10-19,2024-10,Hazardous
99,903,Sector 7,28.4627163,77.0108133,Muddy area,Construction & Demolition Waste,2024-10-22 08:34:28.282760,1000012056.jpg,person 14,6576186,6576186,TARA080,28.46283,77.010849,144.9,182.1,17.0,,571.0,,36.0,31.0,2024-10-22 14:03:00,2024-10-22,2024-10,Unhealthy for Sensitive Groups
100,905,Sector 7,28.4706127,77.018157,Was not able to capture today but as this time I am seeing a lot of people are burning fire crackers so able to see the pollution these days and pm 10 is also increasing alot these days ,Waste Burning,2024-10-22 17:10:07.123191,1000183818.jpg,person 11,6602488,6602488,TARA009,28.470545,77.018234,238.3,457.9,15.0,0.97,,,32.5,41.0,2024-10-22 22:36:00,2024-10-22,2024-10,Very Unhealthy
101,906,Block C-1 & C-2,28.4866053,77.0120045,Vehicle pollution ,Vehicle Pollution,2024-10-23 03:08:18.155477,1000078645.jpg,person 12,6631649,6631649,TARA010,,,513.4,662.4,31.2,1.36,,,32.7,37.0,2024-10-23 08:37:00,2024-10-23,2024-10,Hazardous
102,907,Sector 4,28.480465,77.0143251,Construction waste,Construction & Demolition Waste,2024-10-23 03:15:28.653775,1000012908.jpg,person 14,6632014,6632014,TARA080,28.484341,77.013084,565.6,916.7,30.0,,934.0,,32.1,47.0,2024-10-23 08:44:00,2024-10-23,2024-10,Hazardous
103,908,Sector 12,28.4658368,77.0284941,Construction waste ,Construction & Demolition Waste,2024-10-23 03:28:44.831400,1000078652.jpg,person 12,6632745,6632745,TARA010,,,599.9,1011.8,33.0,1.56,,,33.1,38.0,2024-10-23 08:57:00,2024-10-23,2024-10,Hazardous
104,909,Sector 45,28.4378629,77.0679455,Garbage ,Construction & Demolition Waste,2024-10-23 03:36:53.749051,1000051324.jpg,person 30,6633081,6633081,TARA095,28.44772,77.015488,587.5,816.3,44.0,1.36,,,32.3,46.0,2024-10-23 09:03:00,2024-10-23,2024-10,Hazardous
105,914,Sector 39,28.4438534,77.0558462,Waste ,Construction & Demolition Waste,2024-10-23 07:17:04.077568,1000051333.jpg,person 30,6644767,6644767,TARA095,28.441793,77.051521,293.2,389.6,44.25,1.33,,,34.0,46.0,2024-10-23 12:45:00,2024-10-23,2024-10,Very Unhealthy
106,915,Sector 39,28.4436725,77.0550933,Pollythen waste and house waste,Construction & Demolition Waste,2024-10-23 07:19:18.504425,1000051336.jpg,person 30,6644871,6644871,TARA095,28.441771,77.051529,292.1,349.0,44.25,1.33,,,34.1,46.0,2024-10-23 12:47:00,2024-10-23,2024-10,Very Unhealthy
107,924,Sector 8,28.457535,77.016415,Vehicle pollution ,Vehicle Pollution,2024-10-25 02:45:47.152302,1000079044.jpg,person 12,6786062,6786062,TARA010,,,305.2,538.9,32.27,2.01,,,29.9,35.0,2024-10-25 08:14:00,2024-10-25,2024-10,Hazardous
108,925,Sector 8,28.457535,77.016415,Construction waste ,Construction & Demolition Waste,2024-10-25 02:47:38.863873,1000079050.jpg,person 12,6786173,6786173,TARA010,,,293.9,364.8,32.77,2.01,,,30.0,35.0,2024-10-25 08:16:00,2024-10-25,2024-10,Very Unhealthy
109,930,Sector 7,28.4705515,77.0183479,Saw this vehicle today and it was polluting as you can see ,Vehicle Pollution,2024-10-25 17:29:55.549379,1000186667.jpg,person 11,6817725,6817725,TARA009,28.470669,77.018242,53.6,173.4,14.07,1.12,,,34.6,34.0,2024-10-25 17:42:00,2024-10-25,2024-10,Moderate
110,931,Sector 12A,28.4638005,77.0332256,Brick waste,Construction & Demolition Waste,2024-10-26 03:06:25.818790,1000012908_2lW108l.jpg,person 14,6860733,6860733,TARA080,,,221.5,417.1,36.97,,542.0,,30.1,39.0,2024-10-26 08:35:00,2024-10-26,2024-10,Very Unhealthy
111,932,Shivaji Nagar,28.4649816,77.0368364,Construction waste ,Construction & Demolition Waste,2024-10-26 03:09:27.768568,1000079196.jpg,person 12,6860882,6860882,TARA010,,,247.2,495.7,41.0,1.54,,,31.3,31.0,2024-10-26 08:38:00,2024-10-26,2024-10,Very Unhealthy
112,940,Sector 7,28.4705594,77.0182974,In sector 4 because of road breakage and lot of houses being made and because of that getting to see a lot of dust in that area and also the reason of pm10 getting up,Construction & Demolition Waste,2024-10-26 18:18:33.067623,1000187347.jpg,person 11,6898947,6898947,TARA009,28.470562,77.018196,206.3,447.5,33.0,1.77,,,32.6,37.0,2024-10-26 20:11:00,2024-10-26,2024-10,Very Unhealthy
113,942,Sector 7,28.4644224,77.0087652,Vehicle pollution ,Vehicle Pollution,2024-10-27 12:54:36.619033,1000079280.jpg,person 12,6861911,6861911,TARA010,28.459219,77.074188,245.3,344.2,33.0,1.29,,,32.7,30.0,2024-10-26 08:57:00,2024-10-26,2024-10,Very Unhealthy
114,943,Sector 7,28.4625494,77.0116446,Garbage burning ,Waste Burning,2024-10-28 09:04:06.270105,1000079398.jpg,person 12,6861911,6861911,TARA010,28.459219,77.074188,245.3,344.2,33.0,1.29,,,32.7,30.0,2024-10-26 08:57:00,2024-10-26,2024-10,Very Unhealthy
115,949,Block C-1 & C-2,28.4830175,77.0136442,Block C-1 C-2 ,Vehicle Pollution,2024-10-29 13:50:33.516897,IMG20241029191936.jpg,person 25,6258638,6258638,TARA097,28.483776,77.014633,144.4,226.1,14.88,1.69,,,35.0,35.0,2024-10-17 23:28:00,2024-10-17,2024-10,Unhealthy for Sensitive Groups
116,951,Sector 12,28.4634662,77.0242596,Saw this waste near sector 12 and pm 10 was increased ,Construction & Demolition Waste,2024-10-30 06:13:34.827917,1000273556.jpg,person 11,7032403,7032403,TARA009,28.450943,77.007767,76.9,138.1,4.07,0.92,,,49.8,29.0,2024-10-30 11:41:00,2024-10-30,2024-10,Moderate
117,952,Sector 7,28.4627509,77.0107747,Dusty area,Construction & Demolition Waste,2024-10-30 08:17:31.472123,1000012048.jpg,person 14,6862663,6862663,TARA080,28.446529,77.078171,184.5,298.5,41.0,,600.0,,31.2,35.0,2024-10-26 09:11:00,2024-10-26,2024-10,Unhealthy
118,954,Sector 3A,28.4831594,77.0134442,Sector 3A ,Vehicle Pollution,2024-10-30 12:33:07.969121,IMG20241030180154.jpg,person 25,7052095,7052095,TARA097,,,219.7,431.0,40.0,2.5,,,30.8,47.0,2024-10-30 18:02:00,2024-10-30,2024-10,Very Unhealthy
119,955,Sector 7,28.4625494,77.0116446,Vehicle pollution ,Vehicle Pollution,2024-10-30 14:44:48.864853,1000079564.jpg,person 12,7056113,7056113,TARA010,28.462723,77.010635,255.3,488.1,14.33,1.33,,,35.2,31.0,2024-10-30 19:18:00,2024-10-30,2024-10,Very Unhealthy
120,956,Sector 7,28.4601787,77.0130843,Construction waste,Construction & Demolition Waste,2024-10-31 02:39:04.571180,1000079632.jpg,person 12,7095823,7095823,TARA010,,,342.5,438.9,40.83,2.01,,,31.0,37.0,2024-10-31 08:08:00,2024-10-31,2024-10,Hazardous
121,957,Sector 8,28.4576232,77.0163235,Vehicle pollution ,Vehicle Pollution,2024-10-31 02:41:15.945228,1000079640.jpg,person 12,7095938,7095938,TARA010,,,324.2,478.4,41.0,2.01,,,31.2,36.0,2024-10-31 08:10:00,2024-10-31,2024-10,Hazardous
122,958,Sector 3A,28.482948,77.0135575,Sector 3A ,Vehicle Pollution,2024-10-31 13:40:26.162963,IMG20241031190940.jpg,person 25,7128312,7128312,TARA097,,,301.3,425.7,27.93,2.49,,,30.4,41.0,2024-10-31 19:09:00,2024-10-31,2024-10,Hazardous
123,962,Sector 7,28.4631622,77.0105649,Crackers burning,Vehicle Pollution,2024-10-31 14:25:27.010352,1000079795.jpg,person 12,7130906,7130906,TARA010,28.462711,77.010582,821.3,1175.1,12.0,2.02,,,33.8,35.0,2024-10-31 19:53:00,2024-10-31,2024-10,Hazardous
124,967,Block C-1 & C-2,28.4840771,77.0149385,Block C-1 C-2 ,Vehicle Pollution,2024-11-01 11:12:13.610805,IMG20241101161956.jpg,person 25,7128672,7128672,TARA097,28.484104,77.014862,243.3,393.5,40.0,1.93,,,31.0,41.0,2024-10-31 19:15:00,2024-10-31,2024-10,Very Unhealthy
125,968,Sector 12,28.46301339,77.02284663,This car was polluting alot.,Vehicle Pollution,2024-11-01 12:12:35.863247,,person 11,7194001,7194001,TARA009,28.463501,77.018723,86.5,187.2,14.0,1.61,,,34.0,30.0,2024-11-01 16:20:00,2024-11-01,2024-11,Moderate
126,969,Sector 12,28.46301339,77.02284663,This car was polluting alot.,Vehicle Pollution,2024-11-01 12:12:36.778560,1000274262.jpg,person 11,7194001,7194001,TARA009,28.463501,77.018723,86.5,187.2,14.0,1.61,,,34.0,30.0,2024-11-01 16:20:00,2024-11-01,2024-11,Moderate
127,970,Sector 7,28.4625494,77.0116446,Cracker burning,Waste Burning,2024-11-01 13:57:39.194250,1000079933.jpg,person 12,7203611,7203611,TARA010,,,1220.1,1860.5,14.0,2.02,,,33.5,30.0,2024-11-01 19:26:00,2024-11-01,2024-11,Hazardous
128,975,Sector 7,28.4691522,77.0214015,There was construction going on near the censor which was the reason for pm 10 and 2.5 getting up also humidity here was more because of narrow road,Construction & Demolition Waste,2024-11-02 10:52:23.017436,1000094307.jpg,person 11,7248016,7248016,TARA009,28.463488,77.024338,73.3,159.9,14.0,0.89,,,34.0,30.0,2024-11-02 11:46:00,2024-11-02,2024-11,Moderate
129,979,Sector 3A,28.4831594,77.0134442,Sector 3A ,Vehicle Pollution,2024-11-02 13:16:45.173842,IMG20241102183944.jpg,person 25,7268691,7268691,TARA097,,,174.0,516.8,29.87,2.49,,,30.1,35.0,2024-11-02 18:45:00,2024-11-02,2024-11,Unhealthy
130,980,Sector 21,28.5123076,77.06841927,Fire in the garbage ,Industrial Pollution,2024-11-02 17:36:29.812990,1000225101.jpg,person 7,6655735,6655735,TARA006,28.51288,77.067574,154.3,185.7,17.07,,648.0,,35.3,32.0,2024-10-23 16:03:00,2024-10-23,2024-10,Unhealthy
131,981,Sector 7,28.4654632,77.0084053,Vehicle pollution ,Vehicle Pollution,2024-11-03 11:29:42.902035,1000080160.jpg,person 12,7330974,7330974,TARA010,,,255.6,312.5,32.03,1.46,,,32.7,29.0,2024-11-03 16:51:00,2024-11-03,2024-11,Very Unhealthy
132,982,Block C-1 & C-2,28.4839808,77.0145239,Block C-1 C-2 ,Vehicle Pollution,2024-11-03 14:27:46.266595,IMG20241030180135_pu3LleY.jpg,person 25,7268862,7268862,TARA097,,,319.2,537.9,34.3,2.11,,,30.6,36.0,2024-11-02 18:48:00,2024-11-02,2024-11,Hazardous
133,989,Block C-1 & C-2,28.483067,77.0139685,Block C-1 C-2 ,Vehicle Pollution,2024-11-04 12:54:03.694518,IMG20241104182120.jpg,person 25,7268862,7268862,TARA097,,,319.2,537.9,34.3,2.11,,,30.6,36.0,2024-11-02 18:48:00,2024-11-02,2024-11,Hazardous
134,983,Sector 4,28.4755738,77.0147983,Waste ,Construction & Demolition Waste,2024-11-04 03:00:23.070864,1000015134.jpg,person 14,7374349,7374349,TARA080,,,252.9,351.8,35.0,,908.0,,28.0,39.0,2024-11-04 08:29:00,2024-11-04,2024-11,Very Unhealthy
135,984,Sector 12A,28.4689258,77.0368364,Ve,Vehicle Pollution,2024-11-04 03:33:51.805221,1000080223.jpg,person 12,7376008,7376008,TARA010,28.472321,77.031906,364.5,881.4,33.0,1.4,,,30.4,26.0,2024-11-04 09:02:00,2024-11-04,2024-11,Hazardous
136,985,Sector 13,28.4700849,77.0391664,Dusty area ,Construction & Demolition Waste,2024-11-04 03:35:13.131666,1000015140.jpg,person 14,7376114,7376114,TARA080,28.472324,77.031921,388.4,672.2,34.0,,696.0,,29.2,33.0,2024-11-04 09:04:00,2024-11-04,2024-11,Hazardous
137,986,Sector 13,28.4700849,77.0391664,Leafy waste,Construction & Demolition Waste,2024-11-04 03:36:41.765456,1000015147.jpg,person 14,7376114,7376114,TARA080,28.472324,77.031921,388.4,672.2,34.0,,696.0,,29.2,33.0,2024-11-04 09:04:00,2024-11-04,2024-11,Hazardous
138,987,Sector 16,28.4698972,77.0469116,Construction waste ,Construction & Demolition Waste,2024-11-04 03:38:43.392108,1000080226.jpg,person 12,7376219,7376219,TARA010,28.472321,77.031906,313.2,542.3,33.0,1.37,,,30.4,25.0,2024-11-04 09:06:00,2024-11-04,2024-11,Hazardous
139,988,Gurugram,28.3510482,77.0605838,Waste burn ,Waste Burning,2024-11-04 04:56:39.044596,IMG_20241102_112509.jpg,person 1,7366673,7366673,TARA085,28.351814,77.061752,359.2,538.0,33.0,1.08,,,26.3,40.0,2024-11-04 05:35:00,2024-11-04,2024-11,Hazardous
140,992,Sector 8,28.4640663,77.0199225,Construction waste ,Construction & Demolition Waste,2024-11-05 02:37:41.879032,1000080447.jpg,person 12,7444611,7444611,TARA010,,,514.5,827.2,35.0,2.0,,,28.6,35.0,2024-11-05 08:06:00,2024-11-05,2024-11,Hazardous
141,993,Sector 12A,28.4672717,77.027239,Construction waste,Construction & Demolition Waste,2024-11-05 03:52:45.936257,1000015292.jpg,person 14,7448414,7448414,TARA080,28.469004,77.024826,523.3,866.7,38.07,,757.0,,28.7,44.0,2024-11-05 09:21:00,2024-11-05,2024-11,Hazardous
142,994,Sector 16,28.4653078,77.0386516,Waste lying along the roadsjde,Construction & Demolition Waste,2024-11-05 03:58:50.891231,1000015293.jpg,person 14,7448730,7448730,TARA080,28.463331,77.032738,420.2,760.2,36.07,,750.0,,29.2,43.0,2024-11-05 09:27:00,2024-11-05,2024-11,Hazardous
143,995,IFFCO Chowk,28.4613351,77.0682416,Iifco chowk,Vehicle Pollution,2024-11-05 04:16:30.552363,IMG20241105092307.jpg,person 25,7449622,7449622,TARA097,28.475197,77.059525,363.5,449.2,30.53,1.88,,,31.9,38.0,2024-11-05 09:44:00,2024-11-05,2024-11,Hazardous
144,998,Sector 16,28.4685788,77.0443929,Construction waste dust pollution ,Construction & Demolition Waste,2024-11-06 03:19:34.170772,1000080521.jpg,person 12,7520051,7520051,TARA010,,,939.6,2290.3,39.47,1.51,,,31.9,35.0,2024-11-06 08:48:00,2024-11-06,2024-11,Hazardous
145,999,Sector 16,28.4707184,77.047991,Dusty area,Construction & Demolition Waste,2024-11-06 03:20:33.482891,1000015284.jpg,person 14,7520112,7520112,TARA080,28.469679,77.045914,508.9,905.1,41.4,,1251.0,,30.3,47.0,2024-11-06 08:49:00,2024-11-06,2024-11,Hazardous
146,1000,Sector 43,28.44852,77.079424,Waste along the roadside,Construction & Demolition Waste,2024-11-06 08:20:59.246971,1000015146.jpg,person 14,7535083,7535083,TARA080,28.44812,77.078644,307.8,407.7,36.53,,591.0,,30.2,41.0,2024-11-06 13:49:00,2024-11-06,2024-11,Hazardous
147,1001,Sector 52A,28.4473551,77.0799074,Too many vehicles,Vehicle Pollution,2024-11-06 08:22:04.536769,1000080584.jpg,person 12,7521968,7521968,TARA010,28.446491,77.078072,296.7,486.6,41.0,1.07,,,31.2,31.0,2024-11-06 09:24:00,2024-11-06,2024-11,Very Unhealthy
148,1002,IFFCO Chowk,28.4715401,77.0722132,Vehicles pollution,Vehicle Pollution,2024-11-06 08:33:17.233182,1000010707.jpg,person 14,7535695,7535695,TARA080,28.464413,77.073524,305.7,445.2,30.97,,814.0,,32.0,39.0,2024-11-06 14:01:00,2024-11-06,2024-11,Hazardous
149,1003,Block C-1 & C-2,28.4841114,77.0149045,Block C-1 C-2 ,Vehicle Pollution,2024-11-06 15:01:54.835978,IMG20241106200242.jpg,person 25,7450350,7450350,TARA097,28.445824,77.07679,506.1,943.8,34.6,1.57,,,33.2,37.0,2024-11-05 09:58:00,2024-11-05,2024-11,Hazardous
150,1009,Block C-1 & C-2,28.4835164,77.0143444,Block C-1 C-2 ,Vehicle Pollution,2024-11-08 13:58:48.030499,IMG20241108192812.jpg,person 25,7450350,7450350,TARA097,28.445824,77.07679,506.1,943.8,34.6,1.57,,,33.2,37.0,2024-11-05 09:58:00,2024-11-05,2024-11,Hazardous
151,1004,Gurugram,28.3562823,77.0702796,Construction ,Construction & Demolition Waste,2024-11-07 07:27:30.241795,1000071112.jpg,person 9,7603788,7603788,TARA067,28.356512,77.069916,347.4,524.0,33.83,1.22,,,28.2,56.0,2024-11-07 12:56:00,2024-11-07,2024-11,Hazardous
152,1005,Sector 7,28.4630926,77.009845,Too many Vehicles,Vehicle Pollution,2024-11-08 02:52:59.785308,1000080753.jpg,person 12,7660242,7660242,TARA010,,,493.2,643.1,34.0,2.0,,,28.8,42.0,2024-11-08 08:20:00,2024-11-08,2024-11,Hazardous
153,1006,Sector 7,28.4630926,77.009845,Construction waste ,Construction & Demolition Waste,2024-11-08 02:53:51.562030,1000080751.jpg,person 12,7660242,7660242,TARA010,,,493.2,643.1,34.0,2.0,,,28.8,42.0,2024-11-08 08:20:00,2024-11-08,2024-11,Hazardous
154,1007,Sector 7,28.4627551,77.0107646,Vehicle emmiting pollution,Vehicle Pollution,2024-11-08 05:15:41.104131,1000015433.jpg,person 14,7666945,7666945,TARA080,,,306.5,362.4,33.0,,695.0,,29.6,50.0,2024-11-08 10:40:00,2024-11-08,2024-11,Hazardous
155,1008,Sector 7,28.4686024,77.0141062,There was alot of dust because of the guy,Construction & Demolition Waste,2024-11-08 11:37:08.625670,1000275536.jpg,person 11,7685904,7685904,TARA009,28.46884,77.014023,252.3,469.5,33.0,1.43,,,33.0,44.0,2024-11-08 17:06:00,2024-11-08,2024-11,Very Unhealthy
156,1010,Sector 16,28.4686557,77.0440522,Semi burnt waste,Construction & Demolition Waste,2024-11-09 03:42:45.885003,1000015429.jpg,person 14,7731373,7731373,TARA080,28.465055,77.035866,405.3,588.3,41.5,,999.0,,31.4,45.0,2024-11-09 09:11:00,2024-11-09,2024-11,Hazardous
157,1011,Sector 17,28.4726727,77.0533881,Construction waste ,Construction & Demolition Waste,2024-11-09 03:45:08.731391,1000080755.jpg,person 12,7731477,7731477,TARA010,28.465019,77.035866,480.3,864.9,41.0,1.28,,,31.1,40.0,2024-11-09 09:13:00,2024-11-09,2024-11,Hazardous
158,1012,Sector 3A,28.4826298,77.0136515,Sector 3A ,Vehicle Pollution,2024-11-09 12:47:57.085597,IMG20241109181708.jpg,person 25,7758216,7758216,TARA097,,,555.8,751.1,34.0,2.48,,,28.8,52.0,2024-11-09 18:16:00,2024-11-09,2024-11,Hazardous
159,1014,Block C-1 & C-2,28.4836223,77.0145239,Block C-1 C-2 ,Vehicle Pollution,2024-11-10 14:33:14.500030,IMG20241110200227.jpg,person 25,7758216,7758216,TARA097,,,555.8,751.1,34.0,2.48,,,28.8,52.0,2024-11-09 18:16:00,2024-11-09,2024-11,Hazardous
160,1013,Sector 7,28.4625494,77.0116446,Vehicle pollution ,Vehicle Pollution,2024-11-10 02:20:03.057094,1000080928.jpg,person 12,7796953,7796953,TARA010,28.462473,77.010422,330.1,398.2,34.0,1.5,,,27.9,41.0,2024-11-10 07:48:00,2024-11-10,2024-11,Hazardous
161,1015,Sector 7,28.4624318,77.010598,Construction waste ,Construction & Demolition Waste,2024-11-11 02:44:44.106704,1000081177.jpg,person 12,7870252,7870252,TARA010,,,520.3,699.1,33.13,2.0,,,28.0,45.0,2024-11-11 08:11:00,2024-11-11,2024-11,Hazardous
162,1016,IFFCO Chowk,28.4761707,77.0712344, near Iffco metro ,Brick Kilns,2024-11-11 03:47:56.449871,IMG_20241111_091541.jpg,person 20,7873486,7873486,TARA093,,,283.2,382.7,34.0,1.23,,,27.5,58.0,2024-11-11 09:16:00,2024-11-11,2024-11,Very Unhealthy
163,1017,Sector 44,28.4464891,77.0756933,Industrial pollution ,Industrial Pollution,2024-11-11 04:05:57.434049,IMG_20241111_093300.jpg,person 20,7874395,7874395,TARA093,28.446531,77.078011,383.2,525.7,42.0,0.85,,,31.4,49.0,2024-11-11 09:34:00,2024-11-11,2024-11,Hazardous
164,1022,Sector 7,28.4620471,77.0167324,The one of these auto were polluting alot .,Vehicle Pollution,2024-11-11 11:49:46.054549,1000275983.jpg,person 11,7899219,7899219,TARA009,28.468834,77.014069,298.2,812.7,34.0,1.98,,,33.2,42.0,2024-11-11 17:10:00,2024-11-11,2024-11,Very Unhealthy
165,1023,Sector 7,28.4624738,77.0112621,Vehicle pollution,Vehicle Pollution,2024-11-12 04:03:51.170376,1000015434.jpg,person 14,7893831,7893831,TARA080,28.451206,77.087151,48.9,62.1,4.03,,1276.0,,39.2,26.0,2024-11-11 15:33:00,2024-11-11,2024-11,Good
166,1024,Sector 53,28.4517077,77.0877443,Vehicle pollution,Vehicle Pollution,2024-11-12 06:22:47.385785,1000016140.jpg,person 14,7956767,7956767,TARA080,28.451056,77.087242,112.1,196.3,16.1,,1276.0,,36.1,30.0,2024-11-12 11:49:00,2024-11-12,2024-11,Unhealthy for Sensitive Groups
167,1025,Block C-1 & C-2,28.4841482,77.0149059,Block C-1 C-2 ,Vehicle Pollution,2024-11-12 15:20:52.072527,IMG20241112185725.jpg,person 25,7985122,7985122,TARA097,,,316.4,445.7,30.0,1.28,,,31.7,38.0,2024-11-12 20:17:00,2024-11-12,2024-11,Hazardous
168,1026,Sector 7,28.4706217,77.0182047,People in our area were burning fire crackers and during this process the pm 10 and pm 2.5 was getting high,Waste Burning,2024-11-12 16:07:23.570246,1000194239.jpg,person 11,7989701,7989701,TARA009,28.470501,77.018272,622.8,874.1,15.06,1.11,,,33.4,34.0,2024-11-12 21:35:00,2024-11-12,2024-11,Hazardous
169,1027,Sector 7,28.4705821,77.0183515,In the early morning I get to see the mix of pollution and the fog and also I feel that this is because of waste burning so I am categoriesing in waste burning ,Waste Burning,2024-11-13 02:50:17.109057,1000194285.jpg,person 11,7989754,7989754,TARA009,28.470524,77.018288,672.1,886.8,15.06,1.12,,,33.4,34.0,2024-11-12 21:36:00,2024-11-12,2024-11,Hazardous
170,1029,Sector 7,28.4626335,77.0106067,Vehicle pollution ,Vehicle Pollution,2024-11-14 05:20:46.850139,1000081241.jpg,person 12,8097136,8097136,TARA010,,,785.5,1012.4,33.7,2.0,,,25.9,45.0,2024-11-14 08:19:00,2024-11-14,2024-11,Hazardous
171,1042,Block C-1 & C-2,28.4834552,77.0143116,Block C-1 C-2 ,Vehicle Pollution,2024-11-15 13:23:54.051110,IMG20241115184828.jpg,person 25,8021016,8021016,TARA097,,,660.5,886.8,33.5,1.46,,,31.9,43.0,2024-11-13 08:04:00,2024-11-13,2024-11,Hazardous
172,1043,Sector 7,28.4628036,77.0105649,Vehicle pollution ,Vehicle Pollution,2024-11-16 06:30:56.436128,1000081245.jpg,person 12,8249166,8249166,TARA010,,,503.0,712.2,33.03,2.0,,,26.2,35.0,2024-11-16 08:20:00,2024-11-16,2024-11,Hazardous
173,1048,Sector 39,28.441973,77.0517344,Industrial pollution ,Industrial Pollution,2024-11-16 12:40:29.937329,1000053420.jpg,person 30,8281249,8281249,TARA095,28.441772,77.051735,1510.7,2567.0,41.0,1.6,,,31.5,37.0,2024-11-16 18:09:00,2024-11-16,2024-11,Hazardous
174,1049,Sector 7,28.4615894,77.014611,Waste burning ,Waste Burning,2024-11-16 15:53:11.959792,1000081897.jpg,person 12,8291653,8291653,TARA010,,,510.7,1355.8,35.0,2.0,,,28.6,36.0,2024-11-16 21:21:00,2024-11-16,2024-11,Hazardous
175,1052,Block C-1 & C-2,28.4824772,77.0138041,Block C-1 C-2 ,Vehicle Pollution,2024-11-17 07:51:26.056766,IMG20241117131936.jpg,person 25,8340888,8340888,TARA097,,,,,,2.48,,,27.0,47.0,2024-11-17 13:20:00,2024-11-17,2024-11,Hazardous
176,1056,Sector 43,28.4482909,77.0788629,Vehicle pollution ,Vehicle Pollution,2024-11-18 03:48:44.453381,1000082032.jpg,person 12,8406005,8406005,TARA010,28.486534,77.012039,1172.3,1729.8,32.4,1.33,,,27.5,40.0,2024-11-18 09:17:00,2024-11-18,2024-11,Hazardous
177,1059,Sector 41,28.4617624,77.0666998,Sector 41,Vehicle Pollution,2024-11-19 03:47:28.707788,IMG20241119091641.jpg,person 25,8480480,8480480,TARA097,28.474285,77.054977,395.3,545.2,46.0,2.14,,,24.1,42.0,2024-11-19 09:15:00,2024-11-19,2024-11,Hazardous
178,1060,Sector 5,28.4788263,77.035397,Sector 5,Vehicle Pollution,2024-11-19 05:40:42.001557,IMG20241119110933.jpg,person 25,8480744,8480744,TARA097,28.458733,77.073318,345.2,422.6,45.1,1.81,,,24.6,41.0,2024-11-19 09:20:00,2024-11-19,2024-11,Hazardous
179,1061,Sector 7,28.4701318,77.021389,Waste burning,Waste Burning,2024-11-19 05:57:42.587009,1000016999.jpg,person 14,8487744,8487744,TARA080,28.470211,77.021698,618.4,867.5,33.0,,617.0,,29.3,33.0,2024-11-19 11:26:00,2024-11-19,2024-11,Hazardous
180,1062,Sector 7,28.4687274,77.0199225,Waste burning,Waste Burning,2024-11-19 06:00:18.466055,1000082074.jpg,person 12,8487919,8487919,TARA010,28.469357,77.020531,508.5,678.3,32.0,1.03,,,29.0,30.0,2024-11-19 11:29:00,2024-11-19,2024-11,Hazardous
181,1065,Sector 25,28.4788679,77.0767725,Vehicle pollution ,Vehicle Pollution,2024-11-20 03:22:07.381308,1000082032_LfPsz21.jpg,person 12,8558393,8558393,TARA010,,,469.1,673.6,48.53,1.69,,,25.1,35.0,2024-11-20 08:51:00,2024-11-20,2024-11,Hazardous
182,1080,Block C-1 & C-2,28.4828357,77.0138041,Block C-1 C-2 ,Vehicle Pollution,2024-11-22 13:34:59.346727,IMG20241122190149.jpg,person 25,8486881,8486881,TARA097,,,810.9,1304.8,62.0,2.46,,,23.4,42.0,2024-11-19 11:11:00,2024-11-19,2024-11,Hazardous
183,1081,Sector 7,28.4625675,77.0105133,Vehicle pollution ,Vehicle Pollution,2024-11-23 02:54:50.206892,1000081245_ezZVmgr.jpg,person 12,8790710,8790710,TARA010,,,529.9,783.9,224.63,1.99,,,22.5,35.0,2024-11-23 08:23:00,2024-11-23,2024-11,Hazardous
184,1089,Block C-1 & C-2,28.4841423,77.0148684,Block C-1 C-2 ,Vehicle Pollution,2024-11-27 13:14:34.012908,IMG20241127183730.jpg,person 25,8749106,8749106,TARA097,,,428.4,578.9,84.73,2.46,,,22.0,52.0,2024-11-22 19:06:00,2024-11-22,2024-11,Hazardous
185,1096,Block C-1 & C-2,28.4836877,77.0145259,Block C-1 C-2 ,Vehicle Pollution,2024-12-01 15:12:42.676006,IMG20241201204053.jpg,person 25,8749106,8749106,TARA097,,,428.4,578.9,84.73,2.46,,,22.0,52.0,2024-11-22 19:06:00,2024-11-22,2024-11,Hazardous
186,1098,Sector 3A,28.4828197,77.0135595,Sector 3A ,Vehicle Pollution,2024-12-05 12:24:14.178127,IMG20241205175225.jpg,person 25,9733694,9733694,TARA097,,,94.5,248.1,38.3,2.14,,,22.2,35.0,2024-12-05 17:53:00,2024-12-05,2024-12,Moderate
187,1099,Sector 7,28.462762,77.0107638,Waste burning,Waste Burning,2024-12-07 12:22:40.175854,1000019388.jpg,person 14,9891308,9891308,TARA080,28.462637,77.010841,243.3,372.0,50.0,,973.0,,23.9,35.0,2024-12-07 17:49:00,2024-12-07,2024-12,Very Unhealthy
188,1109,Gurugram,28.3562432,77.0702229,Construction waste ,Construction & Demolition Waste,2024-12-18 06:25:20.172177,1000080141.jpg,person 9,10725640,10725640,TARA067,28.356321,77.07003,506.6,716.7,62.43,1.22,,,17.7,56.0,2024-12-18 11:54:00,2024-12-18,2024-12,Hazardous
189,1110,Block C-1 & C-2,28.4830774,77.0139118,Block C1 C2,Vehicle Pollution,2024-12-18 09:40:11.425453,1000008617.jpg,person 25,9733756,9733756,TARA097,,,63.4,97.1,37.87,1.83,,,22.3,35.0,2024-12-05 17:54:00,2024-12-05,2024-12,Moderate
190,1113,Block C-1 & C-2,28.4835393,77.0143692,Block C1 C2 ,Vehicle Pollution,2024-12-19 13:06:17.523977,1000008849.jpg,person 25,9733756,9733756,TARA097,,,63.4,97.1,37.87,1.83,,,22.3,35.0,2024-12-05 17:54:00,2024-12-05,2024-12,Moderate
191,1111,Sector 7,28.4626039,77.0105327,Waste burning ,Waste Burning,2024-12-19 04:18:00.700162,1000084582.jpg,person 12,10800647,10800647,TARA010,,,1388.9,1851.5,95.0,1.69,,,18.8,45.0,2024-12-19 09:47:00,2024-12-19,2024-12,Hazardous
192,1119,Block C-1 & C-2,28.4830353,77.0139395,Block C1 C2 ,Vehicle Pollution,2024-12-21 12:34:35.804056,1000008952.jpg,person 25,10981977,10981977,TARA097,,,282.4,381.7,38.37,2.42,,,18.0,55.0,2024-12-21 18:01:00,2024-12-21,2024-12,Very Unhealthy
193,1120,Sector 7,28.4625494,77.0116446,People have lit fire because of cold ,Waste Burning,2024-12-22 15:17:42.063373,1000086144.jpg,person 12,11073525,11073525,TARA010,28.462618,77.01059,453.9,557.7,48.73,1.08,,,21.4,36.0,2024-12-22 20:44:00,2024-12-22,2024-12,Hazardous
194,1122,Sector 7,28.4616584,77.009845,Vehicle Pollution ,Vehicle Pollution,2024-12-25 13:31:51.902216,1000086500.jpg,person 12,11293377,11293377,TARA010,,,314.5,425.1,93.97,1.98,,,20.0,52.0,2024-12-25 19:01:00,2024-12-25,2024-12,Hazardous
195,1123,Block C-1 & C-2,28.4833364,77.0142282,Block C1 C2 ,Vehicle Pollution,2024-12-25 13:35:52.891215,1000009216.jpg,person 25,10982284,10982284,TARA097,,,411.6,618.6,69.17,2.32,,,19.0,54.0,2024-12-21 18:06:00,2024-12-21,2024-12,Hazardous
196,1126,Sector 3A,28.4828406,77.013553,Sector 3,Vehicle Pollution,2024-12-28 12:22:45.441902,1000009530.jpg,person 25,10982284,10982284,TARA097,,,411.6,618.6,69.17,2.32,,,19.0,54.0,2024-12-21 18:06:00,2024-12-21,2024-12,Hazardous
197,1129,Block C-1 & C-2,28.4833875,77.0142477,Block C1 C2 ,Vehicle Pollution,2024-12-30 12:21:06.208581,1000009688.jpg,person 25,10982284,10982284,TARA097,,,411.6,618.6,69.17,2.32,,,19.0,54.0,2024-12-21 18:06:00,2024-12-21,2024-12,Hazardous
198,1124,Sector 7,28.462761,77.0107531,Waste burning,Waste Burning,2024-12-25 14:31:54.655324,1000023051.jpg,person 14,11296459,11296459,TARA080,,,393.3,562.6,161.53,,771.0,,18.8,62.0,2024-12-25 19:52:00,2024-12-25,2024-12,Hazardous
199,1125,Sector 7,28.4627574,77.0107591,Agarbati burned,Waste Burning,2024-12-26 13:30:23.532095,1000023166.jpg,person 14,11371978,11371978,TARA080,28.462702,77.01075,539.1,728.6,57.2,,1439.0,,19.6,62.0,2024-12-26 18:58:00,2024-12-26,2024-12,Hazardous
200,1127,Sector 7,28.4628036,77.0105649,People lit fire due to cold ,Waste Burning,2024-12-29 10:32:05.725272,1000087009.jpg,person 12,11589265,11589265,TARA010,28.462669,77.010788,211.5,285.8,93.8,1.0,,,18.3,55.0,2024-12-29 16:00:00,2024-12-29,2024-12,Very Unhealthy
201,1128,Sector 7,28.4625494,77.0116446,People lit fire due to cold ,Waste Burning,2024-12-30 08:46:44.371036,1000087077.jpg,person 12,11596874,11596874,TARA010,28.462648,77.010582,165.8,224.1,94.13,0.95,,,17.4,54.0,2024-12-29 18:10:00,2024-12-29,2024-12,Unhealthy
202,1130,Sector 7,28.4625667,77.0105385,People lit fire due to cold ,Waste Burning,2024-12-31 13:29:00.960949,1000087322.jpg,person 12,11739478,11739478,TARA010,28.462608,77.010597,322.0,440.5,100.5,1.04,,,16.8,55.0,2024-12-31 18:57:00,2024-12-31,2024-12,Hazardous
